"district_code","year","crime_count","crime_1_count","crime_13_count","crime_18_count","crime_35_count","crime_54_count","crime_55_count","crime_63_count","crime_79_count","crime_80_count","crime_84_count","crime_96_count","crime_97_count"
3201,"2012","0","0","0","0","0","0","0","0","0","0","0","0","8"
3201,"2013","8","0","0","1","3","2","2","1","0","0","0","0","4329"
3201,"2014","39","1","0","7","23","4","17","7","1","1","0","0","13032"
3201,"2015","147","14","1","37","28","21","49","28","12","5","0","0","21752"
3201,"2016","1175","71","8","305","390","21","431","244","83","108","0","16","23901"
3201,"2017","953","76","13","209","306","3","349","175","54","94","0","9","22031"
3201,"2018","1018","81","11","218","335","29","338","174","84","120","0","18","19626"
3201,"2019","1051","76","8","224","339","41","397","171","84","114","0","13","15647"
3201,"2020","1051","81","5","310","335","45","377","216","55","107","0","2","14240"
3201,"2021","855","67","5","198","269","36","260","168","69","114","0","0","15049"
3201,"2022","1025","80","9","240","298","92","338","188","84","125","0","0","14431"
3201,"2023","510","26","7","141","161","65","158","81","28","50","0","0","9702"
3202,"2012","0","0","0","0","0","0","0","0","0","0","0","0","2"
3202,"2013","6","0","0","1","3","4","1","2","0","1","0","0","3444"
3202,"2014","24","2","0","9","6","7","5","5","0","0","0","0","8347"
3202,"2015","221","30","1","38","58","22","88","23","12","14","0","0","12644"
3202,"2016","1171","85","10","299","379","31","447","179","57","106","2","17","12727"
3202,"2017","1091","88","7","281","384","9","408","174","41","86","3","4","10649"
3202,"2018","1058","97","10","202","320","42","398","162","61","103","0","12","11138"
3202,"2019","1180","93","16","307","403","49","431","217","45","100","0","15","7890"
3202,"2020","1115","87","8","322","360","47","394","174","45","86","0","0","8047"
3202,"2021","1036","95","20","285","319","52","267","189","64","106","0","1","7069"
3202,"2022","1135","77","14","299","338","91","384","175","73","109","0","3","9004"
3202,"2023","680","53","1","204","179","82","241","120","22","45","1","1","6642"
3203,"2012","0","0","0","0","0","0","0","0","0","0","0","0","6"
3203,"2013","7","1","0","1","1","4","0","1","0","0","0","0","5077"
3203,"2014","38","3","0","6","4","17","16","4","1","1","0","0","11358"
3203,"2015","416","55","2","53","105","81","142","55","17","47","1","0","19632"
3203,"2016","2877","296","20","566","1056","72","852","512","102","332","2","8","17823"
3203,"2017","2578","323","12","393","856","32","865","388","84","312","0","2","13894"
3203,"2018","2242","300","13","337","685","119","775","302","69","211","0","4","9901"
3203,"2019","2410","266","14","367","860","130","885","260","62","221","0","0","9578"
3203,"2020","2076","220","9","301","588","116","686","247","63","344","0","2","9229"
3203,"2021","2064","236","12","425","534","121","610","292","69","324","0","0","7807"
3203,"2022","2405","226","11","503","816","129","732","368","76","285","0","4","12308"
3203,"2023","1487","145","3","407","494","75","501","276","34","122","0","0","12097"
3204,"2012","1","0","0","0","0","0","1","0","0","0","0","0","2"
3204,"2013","3","0","0","0","0","1","2","0","0","0","0","0","3316"
3204,"2014","22","1","0","1","2","12","7","2","0","1","0","0","11448"
3204,"2015","168","20","6","30","37","27","61","19","8","9","0","0","13160"
3204,"2016","1177","149","11","266","342","32","384","199","61","98","0","6","9680"
3204,"2017","1040","106","11","273","373","19","323","205","59","75","0","8","7678"
3204,"2018","1020","102","11","189","336","49","307","115","60","103","0","9","6526"
3204,"2019","975","124","7","163","282","39","328","138","56","126","0","3","6422"
3204,"2020","1011","85","7","156","357","32","326","110","67","159","0","0","6671"
3204,"2021","1056","79","9","283","304","38","278","184","59","163","0","0","5561"
3204,"2022","1240","111","10","282","419","60","370","181","54","164","0","1","7031"
3204,"2023","687","62","1","194","270","44","206","121","24","48","0","0","4331"
3205,"2012","0","0","0","0","0","0","0","0","0","0","0","0","1"
3205,"2013","7","0","0","2","2","2","5","1","0","0","0","0","2484"
3205,"2014","4","0","0","0","2","2","2","0","0","0","0","0","7261"
3205,"2015","74","9","0","10","11","20","26","7","6","3","0","1","13087"
3205,"2016","766","55","4","231","255","16","211","188","45","53","0","5","11058"
3205,"2017","728","52","5","186","230","7","265","153","42","41","0","9","9070"
3205,"2018","728","69","12","134","203","45","234","124","40","57","0","16","8954"
3205,"2019","807","73","4","149","241","53","307","124","46","62","0","0","9936"
3205,"2020","651","45","9","148","156","38","221","129","34","82","0","1","8385"
3205,"2021","693","52","7","157","187","41","188","123","35","103","0","0","8927"
3205,"2022","734","31","10","160","209","76","217","109","37","96","0","0","11463"
3205,"2023","403","19","4","97","128","51","110","89","16","34","0","0","6962"
3206,"2012","0","0","0","0","0","0","0","0","0","0","0","0","2"
3206,"2013","9","0","0","0","4","1","5","1","0","0","0","0","3290"
3206,"2014","28","0","0","3","1","8","18","0","0","0","0","0","10744"
3206,"2015","193","29","2","28","52","25","78","21","8","7","0","0","23033"
3206,"2016","1235","150","17","224","456","27","412","166","49","105","0","1","24195"
3206,"2017","1338","167","11","298","534","17","396","233","58","110","0","2","18546"
3206,"2018","1304","155","9","221","421","37","463","197","73","124","0","0","16470"
3206,"2019","1379","124","13","224","413","65","550","173","64","151","0","1","12753"
3206,"2020","1237","110","5","216","407","41","466","165","63","131","0","2","11237"
3206,"2021","1074","117","7","189","346","43","369","173","48","106","0","0","10211"
3206,"2022","1135","93","13","183","334","78","416","172","66","149","0","0","12735"
3206,"2023","654","53","2","109","168","54","259","97","26","72","0","0","9138"
3207,"2012","0","0","0","0","0","0","0","0","0","0","0","0","6"
3207,"2013","11","2","0","2","2","3","2","0","0","1","0","0","4551"
3207,"2014","34","0","0","2","9","16","9","3","1","0","0","0","9044"
3207,"2015","243","17","3","36","68","47","86","26","10","16","0","0","14594"
3207,"2016","1684","109","8","314","711","33","553","239","69","139","0","10","15535"
3207,"2017","1701","115","8","365","679","22","590","296","49","137","0","10","13806"
3207,"2018","1789","94","9","413","655","50","678","330","50","139","0","1","13171"
3207,"2019","1989","123","7","360","769","89","709","295","77","146","0","3","10159"
3207,"2020","1744","100","8","324","608","74","585","227","101","225","0","1","9332"
3207,"2021","1591","87","14","255","461","79","567","190","81","250","0","1","10764"
3207,"2022","1673","106","13","227","503","97","583","155","80","311","0","2","13651"
3207,"2023","888","57","2","123","245","66","333","93","26","154","0","0","8578"
3208,"2012","0","0","0","0","0","0","0","0","0","0","0","0","12"
3208,"2013","4","0","0","0","0","2","1","0","0","1","0","0","3941"
3208,"2014","10","0","0","2","3","2","4","0","0","0","0","0","11743"
3208,"2015","146","24","0","12","27","20","41","16","18","12","0","0","22100"
3208,"2016","1092","119","4","175","364","31","341","138","86","132","0","13","20745"
3208,"2017","1076","108","8","174","371","10","327","175","75","142","0","15","18037"
3208,"2018","1027","101","7","177","292","40","341","130","78","147","0","2","14006"
3208,"2019","1045","92","6","131","277","41","360","98","70","219","0","1","12417"
3208,"2020","1002","100","4","185","285","47","316","113","84","142","0","2","11317"
3208,"2021","989","93","4","231","243","29","295","125","68","175","0","0","12381"
3208,"2022","1147","73","7","206","343","78","373","156","62","196","0","2","14355"
3208,"2023","599","58","2","95","152","53","191","72","35","82","0","3","9422"
3209,"2012","1","0","0","0","0","1","0","0","0","0","0","0","1"
3209,"2013","18","1","0","6","4","1","10","2","2","0","0","0","6832"
3209,"2014","65","2","0","6","19","23","23","5","0","3","0","0","16469"
3209,"2015","355","33","3","47","84","41","152","51","29","22","0","1","25745"
3209,"2016","2853","158","19","644","1058","39","1125","508","145","268","0","46","24175"
3209,"2017","2483","142","19","586","930","23","1028","424","103","208","0","42","22575"
3209,"2018","2366","153","12","448","833","125","909","385","107","190","0","3","20885"
3209,"2019","2570","167","15","588","831","109","1027","449","116","247","0","1","19556"
3209,"2020","2141","154","31","508","656","83","795","423","110","192","0","2","16315"
3209,"2021","1929","129","25","428","670","87","594","467","102","165","0","0","15919"
3209,"2022","2007","116","19","444","621","196","696","414","123","179","0","4","20336"
3209,"2023","1174","64","10","286","368","112","424","244","62","111","0","1","13534"
3210,"2012","1","0","0","0","0","0","1","0","0","0","0","0","5"
3210,"2013","14","1","0","4","1","5","9","5","0","0","0","0","3892"
3210,"2014","53","3","0","14","8","14","17","21","2","2","0","0","12014"
3210,"2015","259","28","3","48","61","30","107","43","24","27","0","0","23135"
3210,"2016","2151","132","17","530","831","32","812","479","88","203","0","29","19821"
3210,"2017","1853","100","9","443","698","18","673","420","73","181","0","48","17472"
3210,"2018","1730","107","12","376","646","50","644","337","83","164","0","26","14841"
3210,"2019","1743","95","6","455","624","74","690","371","72","148","0","15","12393"
3210,"2020","1635","91","10","414","636","48","529","330","89","182","0","1","10725"
3210,"2021","1544","101","10","438","531","54","440","376","87","153","0","1","9601"
3210,"2022","1466","97","9","404","455","130","518","301","87","179","0","1","11169"
3210,"2023","884","59","6","236","288","59","316","200","28","83","0","0","7318"
3211,"2012","1","0","0","0","0","1","0","0","0","0","0","0","1"
3211,"2013","10","1","0","3","3","0","3","0","0","0","0","0","3984"
3211,"2014","26","2","0","3","10","5","12","2","0","0","0","0","6462"
3211,"2015","191","19","1","39","57","25","71","26","8","11","0","0","13023"
3211,"2016","1611","124","14","392","560","38","577","276","73","153","0","8","12052"
3211,"2017","1393","106","27","318","511","21","474","232","60","151","0","12","10853"
3211,"2018","1258","100","10","265","439","50","414","182","39","119","0","23","9869"
3211,"2019","1447","121","10","325","477","86","467","241","75","168","0","20","8047"
3211,"2020","1332","82","12","338","401","46","418","254","69","246","0","0","6974"
3211,"2021","1274","82","14","358","358","35","308","267","70","237","1","0","6361"
3211,"2022","1427","108","5","359","423","80","432","169","69","262","0","1","8611"
3211,"2023","835","56","5","213","253","60","230","110","41","146","0","1","5150"
3212,"2013","2","0","0","2","0","0","0","0","0","0","0","0","1708"
3212,"2014","11","0","0","2","2","2","6","0","1","0","0","0","5334"
3212,"2015","101","13","2","26","26","10","38","18","6","5","0","0","10435"
3212,"2016","712","75","4","191","233","8","238","143","23","52","0","3","9579"
3212,"2017","617","82","3","145","167","8","226","123","34","51","0","1","8806"
3212,"2018","584","63","5","136","136","24","226","100","25","59","0","1","9793"
3212,"2019","606","69","5","140","187","25","223","112","13","64","0","3","8067"
3212,"2020","577","65","3","96","149","21","195","68","19","115","0","0","7595"
3212,"2021","676","47","3","125","126","38","203","97","35","174","0","0","6725"
3212,"2022","632","45","1","116","132","44","239","77","31","144","0","0","7596"
3212,"2023","330","25","0","62","76","29","110","54","7","72","0","0","5394"
3301,"2012","1","0","0","0","1","0","1","1","0","0","0","0","4"
3301,"2013","111","1","0","30","82","6","24","5","0","1","0","0","7445"
3301,"2014","83","4","0","29","28","19","24","10","0","0","0","1","16209"
3301,"2015","558","99","4","103","127","91","125","57","35","57","0","4","28216"
3301,"2016","3513","312","2","917","1251","172","936","413","168","458","4","96","32345"
3301,"2017","2692","291","8","403","907","114","687","337","166","445","0","83","29213"
3301,"2018","2288","281","11","275","761","111","746","276","169","214","0","93","29429"
3301,"2019","2372","242","3","321","834","165","756","228","155","264","0","73","28504"
3301,"2020","1960","237","7","229","552","140","560","206","189","302","0","41","18185"
3301,"2021","1842","190","6","244","531","123","525","186","142","324","0","2","19072"
3301,"2022","2207","230","11","360","760","135","571","229","180","307","0","1","24052"
3301,"2023","1233","124","13","232","438","71","308","154","71","157","0","1","16902"
3302,"2012","1","0","0","0","0","0","1","0","0","0","0","0","1"
3302,"2013","5","1","1","2","2","0","1","1","0","0","0","0","2514"
3302,"2014","11","1","0","5","3","1","6","1","0","0","0","0","5435"
3302,"2015","180","35","1","32","36","26","44","26","7","10","0","0","7709"
3302,"2016","865","111","3","243","248","51","250","122","20","46","1","4","7451"
3302,"2017","752","104","3","157","254","30","220","105","35","40","0","17","7059"
3302,"2018","770","92","7","135","265","32","273","125","36","49","0","18","6369"
3302,"2019","775","85","4","111","286","43","247","83","29","61","0","15","6640"
3302,"2020","748","62","4","118","234","29","261","100","29","111","0","9","6070"
3302,"2021","689","70","2","86","137","37","223","77","37","145","0","0","4933"
3302,"2022","799","109","5","156","206","51","248","131","25","96","0","0","6248"
3302,"2023","462","45","0","78","120","45","148","52","13","67","0","0","3924"
3303,"2012","5","0","0","0","1","3","1","0","0","0","0","0","2"
3303,"2013","10","0","0","6","2","2","3","3","0","0","0","0","3584"
3303,"2014","22","0","0","8","5","7","5","7","0","1","0","0","8600"
3303,"2015","133","18","0","31","21","26","37","28","8","11","0","1","14290"
3303,"2016","958","115","6","165","243","71","292","118","52","135","2","12","14964"
3303,"2017","824","100","6","131","255","12","227","123","47","138","0","16","14692"
3303,"2018","742","105","4","103","180","35","227","95","40","127","0","22","13532"
3303,"2019","823","120","6","89","168","62","235","93","60","170","0","21","12694"
3303,"2020","807","124","3","120","164","49","241","117","55","150","0","22","10214"
3303,"2021","778","108","4","123","211","40","171","99","68","166","0","1","10405"
3303,"2022","895","112","3","148","212","82","292","103","44","186","0","1","12654"
3303,"2023","520","63","3","72","113","50","166","54","12","118","0","0","7427"
3304,"2012","0","0","0","0","0","0","0","0","0","0","0","0","6"
3304,"2013","1","0","0","0","1","0","0","0","0","0","0","0","3455"
3304,"2014","12","0","0","2","3","3","4","1","0","0","0","1","6582"
3304,"2015","111","9","7","16","22","20","40","11","16","17","0","0","11036"
3304,"2016","657","44","8","112","165","39","246","93","39","133","3","10","11524"
3304,"2017","683","56","6","153","242","7","246","87","34","106","0","15","9780"
3304,"2018","594","36","3","126","172","22","229","90","41","80","0","16","11815"
3304,"2019","606","52","2","78","164","44","190","59","35","114","0","17","12818"
3304,"2020","627","57","3","82","164","47","197","70","39","114","0","12","12584"
3304,"2021","538","66","4","94","117","32","156","67","35","97","0","0","10540"
3304,"2022","573","55","4","82","154","60","168","64","31","105","0","0","11654"
3304,"2023","346","24","0","40","87","35","101","47","27","66","0","0","8553"
3305,"2012","0","0","0","0","0","0","0","0","0","0","0","0","2"
3305,"2013","5","0","0","2","1","0","1","2","0","0","0","0","2241"
3305,"2014","18","1","0","4","4","6","9","1","0","0","0","0","4620"
3305,"2015","90","19","0","10","18","26","23","8","2","7","0","1","7973"
3305,"2016","762","120","9","164","181","96","201","85","31","71","0","5","7716"
3305,"2017","748","123","4","148","178","53","216","106","49","82","0","15","8210"
3305,"2018","658","121","5","106","168","38","201","87","56","66","0","6","7144"
3305,"2019","723","113","6","126","204","62","204","87","46","78","0","25","6760"
3305,"2020","623","77","2","117","157","42","195","82","42","87","0","19","4538"
3305,"2021","589","74","4","96","145","44","166","79","58","92","0","2","4957"
3305,"2022","586","61","3","125","165","55","159","94","36","98","0","0","6708"
3305,"2023","309","42","1","55","83","20","100","42","16","40","0","0","4760"
3306,"2012","0","0","0","0","0","0","0","0","0","0","0","0","6"
3306,"2013","3","0","0","1","0","2","0","0","0","0","0","0","4253"
3306,"2014","19","1","0","3","4","5","9","3","0","1","0","0","4937"
3306,"2015","64","8","1","11","11","14","27","10","1","3","0","0","4940"
3306,"2016","432","52","3","58","99","23","177","59","16","47","0","1","5523"
3306,"2017","454","54","4","47","107","21","148","107","15","33","0","10","6137"
3306,"2018","405","46","2","44","87","26","125","89","18","47","0","6","6065"
3306,"2019","469","62","1","74","131","43","140","71","32","56","0","7","5696"
3306,"2020","462","54","5","65","103","30","142","96","29","59","0","13","3711"
3306,"2021","378","54","1","56","94","24","113","57","29","36","0","0","4273"
3306,"2022","425","67","2","56","106","43","119","71","25","58","0","0","4991"
3306,"2023","224","23","3","31","31","32","68","44","6","39","0","2","4263"
3307,"2012","0","0","0","0","0","0","0","0","0","0","0","0","1"
3307,"2013","3","0","0","0","0","2","1","0","0","0","0","0","5277"
3307,"2014","17","0","0","4","0","13","2","1","0","0","0","0","9067"
3307,"2015","129","22","0","11","20","44","32","8","8","1","0","2","10786"
3307,"2016","741","144","3","111","144","105","216","95","26","64","0","9","9740"
3307,"2017","681","143","2","100","160","45","185","91","38","55","1","19","7832"
3307,"2018","752","111","12","78","197","94","190","95","33","74","0","18","7417"
3307,"2019","718","120","8","88","178","58","235","99","28","56","0","20","6326"
3307,"2020","663","68","3","114","131","67","186","114","20","98","0","25","5456"
3307,"2021","622","98","5","70","104","44","180","87","21","131","0","0","6580"
3307,"2022","684","98","3","81","205","55","193","73","22","94","0","1","8481"
3307,"2023","317","65","1","48","78","26","92","42","10","24","0","1","5456"
3308,"2012","0","0","0","0","0","0","0","0","0","0","0","0","5"
3308,"2013","17","1","0","10","2","0","5","5","0","0","0","1","4320"
3308,"2014","23","2","0","6","7","6","8","5","0","1","0","0","6720"
3308,"2015","130","22","0","13","28","27","35","12","10","10","2","0","13011"
3308,"2016","978","103","1","206","313","67","324","113","43","86","0","22","16025"
3308,"2017","817","81","6","160","254","25","232","121","46","85","0","27","15983"
3308,"2018","835","94","5","155","258","52","278","126","41","92","0","30","14763"
3308,"2019","897","91","1","155","237","74","309","113","40","122","0","30","14317"
3308,"2020","813","85","2","164","226","56","242","112","59","128","0","14","8543"
3308,"2021","755","65","5","132","187","48","206","74","75","150","0","1","8755"
3308,"2022","883","79","12","110","220","82","278","90","61","175","0","3","9572"
3308,"2023","515","49","3","67","161","60","152","65","37","77","0","0","5858"
3401,"2012","0","0","0","0","0","0","0","0","0","0","0","0","1"
3401,"2013","10","0","0","5","3","1","1","0","0","0","0","0","2643"
3401,"2014","20","3","0","4","2","3","9","1","0","0","0","0","8303"
3401,"2015","89","11","1","13","12","13","34","5","3","17","0","0","12873"
3401,"2016","679","49","4","107","150","37","204","61","33","158","0","1","10041"
3401,"2017","689","76","9","102","157","10","242","94","18","138","0","14","10048"
3401,"2018","610","69","8","111","143","22","168","91","22","124","0","13","6999"
3401,"2019","567","50","7","54","127","27","185","54","12","146","0","9","6339"
3401,"2020","541","38","6","61","116","32","163","55","10","162","0","5","5062"
3401,"2021","569","52","4","72","84","41","163","58","8","185","0","0","4837"
3401,"2022","578","38","7","85","154","49","201","87","10","111","0","0","7436"
3401,"2023","332","35","5","41","69","31","97","39","12","74","0","0","4258"
3402,"2012","1","0","0","0","0","1","0","0","0","0","0","0","2"
3402,"2013","5","0","0","1","0","0","1","0","0","3","0","0","5129"
3402,"2014","8","2","0","0","2","1","3","0","0","0","0","0","12356"
3402,"2015","165","22","1","17","31","38","42","14","8","15","3","0","15582"
3402,"2016","1313","115","1","276","391","86","450","124","33","130","9","0","12877"
3402,"2017","1390","149","4","289","528","55","447","158","24","108","8","36","12213"
3402,"2018","1371","160","10","259","505","75","431","184","18","164","6","12","14781"
3402,"2019","1470","131","4","266","517","60","521","154","42","179","2","33","13477"
3402,"2020","1251","112","4","258","367","41","405","178","44","200","2","16","9689"
3402,"2021","1012","84","0","178","347","72","291","139","39","146","0","2","9941"
3402,"2022","1413","119","6","305","487","80","392","176","69","219","1","1","10773"
3402,"2023","798","56","0","156","238","53","248","138","27","107","0","1","6606"
3403,"2012","1","0","0","1","1","0","1","0","0","0","0","0","8"
3403,"2013","3","0","0","0","0","1","2","0","0","0","0","0","4102"
3403,"2014","19","1","0","0","1","7","8","0","0","3","0","0","7678"
3403,"2015","234","28","0","45","63","42","53","15","6","23","0","0","16959"
3403,"2016","1614","188","4","374","584","92","401","143","32","142","0","0","13577"
3403,"2017","1358","161","10","228","540","29","389","181","21","148","2","9","12787"
3403,"2018","1460","170","9","254","578","45","469","191","25","152","1","11","16400"
3403,"2019","1698","167","3","335","734","49","500","176","19","189","0","16","16828"
3403,"2020","1412","174","2","295","462","40","461","150","24","201","0","7","17858"
3403,"2021","1093","131","9","234","323","48","294","126","22","192","0","0","21888"
3403,"2022","1450","181","5","338","463","84","450","166","23","177","0","1","22934"
3403,"2023","866","84","6","204","284","60","229","114","16","112","0","1","14436"
3404,"2012","0","0","0","0","0","0","0","0","0","0","0","0","6"
3404,"2013","24","0","0","16","5","2","2","3","0","0","0","0","2300"
3404,"2014","23","0","0","9","2","4","7","5","0","0","0","0","5594"
3404,"2015","170","13","4","43","29","15","53","16","9","19","1","0","12203"
3404,"2016","879","117","2","144","183","54","236","59","25","174","0","1","12029"
3404,"2017","860","110","6","149","204","20","254","133","43","142","0","14","12673"
3404,"2018","862","119","5","96","179","48","232","109","50","208","0","20","13317"
3404,"2019","1001","85","9","125","265","48","295","112","53","216","0","15","13351"
3404,"2020","822","78","7","158","221","29","243","106","48","149","0","11","9125"
3404,"2021","908","59","8","125","230","45","199","120","45","297","0","1","12072"
3404,"2022","1015","71","11","129","293","82","279","112","44","247","0","0","11626"
3404,"2023","576","49","5","62","119","71","187","49","28","140","0","2","7171"
3405,"2012","1","0","0","0","0","1","1","0","0","0","0","0","11"
3405,"2013","42","4","0","4","12","13","8","3","0","1","0","1","12103"
3405,"2014","82","6","1","4","22","13","36","4","0","1","0","0","24853"
3405,"2015","504","73","3","105","136","50","152","49","9","38","0","0","31970"
3405,"2016","3973","385","8","764","1539","183","1086","342","36","286","0","61","29674"
3405,"2017","4136","408","19","856","1707","77","1240","569","38","251","0","180","27710"
3405,"2018","4301","465","17","899","1656","123","1362","544","45","275","1","164","24775"
3405,"2019","4356","375","19","1151","1659","143","1398","663","65","290","0","104","22618"
3405,"2020","3627","294","17","941","1454","122","1198","451","45","255","0","62","15993"
3405,"2021","3088","283","18","854","1173","123","853","470","43","246","0","6","17217"
3405,"2022","3890","301","17","1060","1726","223","1105","513","55","190","0","10","21404"
3405,"2023","1816","171","5","480","681","150","501","213","27","72","0","2","12259"
3406,"2013","6","1","0","3","0","1","0","1","0","0","0","0","2059"
3406,"2014","6","0","0","2","1","2","2","0","1","1","0","0","6205"
3406,"2015","104","5","0","23","23","9","34","15","8","12","0","0","9498"
3406,"2016","582","45","5","109","112","26","156","59","42","123","0","0","9009"
3406,"2017","594","57","6","112","150","13","168","100","38","123","0","16","8961"
3406,"2018","725","73","5","134","158","27","191","116","57","167","0","16","8104"
3406,"2019","777","58","8","158","189","29","219","139","65","163","0","4","6558"
3406,"2020","648","49","3","113","156","35","206","91","51","137","0","6","5147"
3406,"2021","601","39","2","129","99","35","185","92","51","150","0","0","5325"
3406,"2022","631","49","6","102","155","62","193","89","61","107","0","1","5543"
3406,"2023","329","23","4","49","67","34","113","48","23","51","0","1","3962"
3407,"2013","2","1","0","1","0","0","0","0","0","0","0","0","1924"
3407,"2014","10","0","0","3","1","2","3","1","1","0","0","0","5977"
3407,"2015","98","16","0","20","25","5","24","12","17","4","0","0","9160"
3407,"2016","774","90","2","157","175","31","190","104","52","106","3","0","7893"
3407,"2017","774","86","1","145","229","27","219","134","54","122","0","10","7495"
3407,"2018","798","83","7","123","190","26","196","110","56","159","0","13","9500"
3407,"2019","845","82","8","186","220","24","232","161","69","107","0","10","8020"
3407,"2020","781","67","5","151","236","19","220","130","55","126","0","12","5765"
3407,"2021","695","65","12","137","155","31","178","122","64","120","0","1","6523"
3407,"2022","791","58","5","123","223","59","266","101","55","133","0","3","7111"
3407,"2023","442","32","3","60","99","44","148","58","28","72","0","0","4641"
3408,"2012","2","0","0","2","2","0","2","0","0","0","0","0","3"
3408,"2013","10","0","0","6","3","1","1","2","0","0","0","0","1269"
3408,"2014","9","1","0","1","4","1","5","2","0","0","0","0","6433"
3408,"2015","72","14","0","13","10","7","18","9","3","12","0","0","10155"
3408,"2016","516","76","8","93","171","23","121","67","19","64","2","0","8979"
3408,"2017","461","53","0","74","134","12","130","87","9","94","0","0","8283"
3408,"2018","540","61","1","82","148","25","139","88","13","111","0","2","8408"
3408,"2019","610","54","2","86","134","40","195","77","19","128","0","1","7479"
3408,"2020","554","52","7","108","136","26","132","100","25","141","0","1","5366"
3408,"2021","515","55","3","83","110","26","128","88","15","144","0","0","6942"
3408,"2022","503","35","0","86","122","63","153","95","21","86","0","1","9212"
3408,"2023","292","22","1","50","84","38","94","22","9","48","0","0","7067"
3409,"2012","0","0","0","0","0","0","0","0","0","0","0","0","3"
3409,"2013","2","1","0","0","0","0","1","0","0","0","0","0","3745"
3409,"2014","9","0","0","0","1","3","3","0","0","4","0","0","10253"
3409,"2015","177","22","1","19","33","36","48","15","11","25","0","0","18098"
3409,"2016","1015","138","9","199","261","61","314","119","18","96","0","0","14778"
3409,"2017","1061","177","7","191","355","32","310","144","30","111","0","8","13714"
3409,"2018","1047","151","14","216","354","43","327","142","38","110","0","7","14396"
3409,"2019","1125","156","11","234","328","69","355","142","35","146","0","7","16105"
3409,"2020","959","117","10","181","287","57","314","113","28","152","0","3","15472"
3409,"2021","901","142","5","148","252","67","251","113","43","121","1","1","16825"
3409,"2022","948","132","9","156","275","89","292","114","35","131","0","1","14754"
3409,"2023","507","58","4","98","156","37","142","71","20","60","0","1","7257"
3410,"2012","0","0","0","0","0","0","0","0","0","0","0","0","4"
3410,"2013","4","0","0","0","2","2","0","0","0","0","0","0","2375"
3410,"2014","10","0","0","1","0","7","5","0","0","0","0","1","7157"
3410,"2015","113","16","0","14","41","14","30","9","8","14","1","0","11485"
3410,"2016","642","82","4","107","180","25","186","65","28","75","1","0","9536"
3410,"2017","702","69","6","144","272","10","176","99","54","80","0","6","8291"
3410,"2018","753","60","9","166","265","13","206","112","55","107","0","4","9757"
3410,"2019","593","83","5","98","168","18","188","86","40","91","0","5","8142"
3410,"2020","615","73","4","113","190","21","179","103","35","89","0","5","4740"
3410,"2021","526","63","4","80","117","27","176","79","17","92","0","0","8404"
3410,"2022","702","81","3","74","203","49","201","75","25","153","0","0","9751"
3410,"2023","413","41","1","53","92","26","141","47","24","75","0","2","5906"
3501,"2012","1","0","0","0","0","0","1","0","0","0","0","0","0"
3501,"2013","10","0","0","2","0","6","2","2","1","1","0","0","3731"
3501,"2014","24","2","0","2","3","10","10","1","0","0","0","0","7002"
3501,"2015","266","34","2","42","71","33","76","28","14","21","1","0","15171"
3501,"2016","1931","185","12","273","640","172","592","191","36","142","6","6","15062"
3501,"2017","1687","161","12","283","566","56","515","207","30","181","0","98","13992"
3501,"2018","1640","155","14","237","557","114","515","225","32","148","0","41","12687"
3501,"2019","1705","113","12","317","553","115","581","210","29","178","0","29","11473"
3501,"2020","1522","106","9","350","508","45","501","236","19","158","4","28","11751"
3501,"2021","1277","117","3","231","357","73","406","214","24","177","1","0","13202"
3501,"2022","1695","129","13","353","627","90","498","321","26","167","3","0","12788"
3501,"2023","722","63","6","145","245","45","235","131","15","61","1","0","8646"
3502,"2012","0","0","0","0","0","0","0","0","0","0","0","0","12"
3502,"2013","23","0","0","4","3","7","13","1","0","0","0","0","11233"
3502,"2014","58","2","0","4","11","11","32","6","0","2","0","0","22360"
3502,"2015","361","63","1","38","96","59","95","39","12","21","0","2","21952"
3502,"2016","2434","226","8","491","696","180","691","373","38","190","1","12","20476"
3502,"2017","2442","223","13","488","934","51","708","409","58","176","0","65","17997"
3502,"2018","2406","200","18","456","829","108","785","367","53","222","0","26","18192"
3502,"2019","2153","171","11","338","703","145","749","266","39","218","0","42","15597"
3502,"2020","2004","173","16","337","652","91","699","274","45","186","0","35","12015"
3502,"2021","2009","186","10","403","684","92","600","327","51","166","0","0","10088"
3502,"2022","2165","201","13","463","660","115","632","386","50","209","0","1","10895"
3502,"2023","1176","133","5","250","303","76","367","201","17","84","0","4","7921"
3503,"2012","1","0","0","1","0","0","0","1","0","0","0","0","5"
3503,"2013","20","3","0","4","3","5","7","0","1","0","0","0","5524"
3503,"2014","35","2","0","2","4","15","11","4","0","1","0","0","13098"
3503,"2015","337","43","2","33","75","74","100","37","5","22","0","0","18429"
3503,"2016","2264","234","15","383","667","262","738","163","32","159","9","2","15303"
3503,"2017","2152","201","33","382","700","105","741","249","62","253","0","14","14392"
3503,"2018","2200","271","23","328","678","143","718","235","76","276","0","35","13719"
3503,"2019","2224","274","38","314","626","214","726","234","59","203","0","48","12609"
3503,"2020","2062","310","32","350","616","146","620","285","62","231","0","18","14092"
3503,"2021","1821","229","14","314","490","126","560","231","55","275","0","2","18201"
3503,"2022","1907","300","16","307","458","139","582","221","54","277","0","7","15968"
3503,"2023","999","167","8","141","252","87","293","113","21","123","0","0","8623"
3504,"2012","2","1","0","0","1","0","0","0","0","0","0","0","5"
3504,"2013","20","2","0","3","4","6","4","2","0","1","0","0","3010"
3504,"2014","21","4","0","3","3","5","4","1","1","2","0","0","6368"
3504,"2015","204","36","0","22","46","21","67","10","16","14","1","0","9764"
3504,"2016","1309","158","4","235","427","69","407","145","19","95","1","4","12293"
3504,"2017","1247","129","10","241","452","25","437","190","34","85","0","11","12721"
3504,"2018","1531","143","7","305","490","130","520","168","31","111","0","14","11997"
3504,"2019","1279","131","3","216","342","110","473","152","41","110","0","21","11712"
3504,"2020","1179","128","3","158","272","77","365","135","61","219","0","16","12270"
3504,"2021","942","114","10","151","244","52","318","119","33","123","0","1","12639"
3504,"2022","1248","144","5","245","389","78","391","149","52","126","0","3","12949"
3504,"2023","735","90","4","157","231","27","228","87","27","54","1","2","11687"
3505,"2012","1","0","0","1","0","0","0","1","0","0","0","0","6"
3505,"2013","20","0","0","3","5","8","5","1","0","0","0","0","4959"
3505,"2014","70","5","1","2","12","27","22","3","6","6","0","0","11136"
3505,"2015","576","94","1","99","147","79","164","41","49","35","0","4","21961"
3505,"2016","3414","272","5","779","1239","149","955","214","161","197","2","7","22480"
3505,"2017","3208","313","16","632","1223","44","1007","376","172","272","0","54","22652"
3505,"2018","3284","292","30","629","1242","99","1059","404","167","292","0","64","22602"
3505,"2019","3009","292","20","495","1053","109","1014","325","180","319","0","50","20684"
3505,"2020","2318","219","9","331","714","81","833","259","163","279","0","43","17619"
3505,"2021","1984","207","11","317","599","86","643","247","115","245","0","3","19750"
3505,"2022","2674","243","11","608","959","92","841","399","150","225","0","6","27330"
3505,"2023","1390","124","9","281","549","29","422","220","70","88","0","0","22929"
3506,"2012","0","0","0","0","0","0","0","0","0","0","0","0","3"
3506,"2013","5","0","0","0","2","1","2","0","1","1","0","0","3625"
3506,"2014","39","2","0","2","6","20","9","1","1","1","0","0","6221"
3506,"2015","255","26","3","38","56","48","87","26","14","6","0","0","14004"
3506,"2016","1600","117","17","334","483","106","584","204","25","79","1","5","13696"
3506,"2017","1552","115","8","316","525","28","575","253","54","123","1","28","14942"
3506,"2018","1469","108","7","209","469","45","564","180","58","148","0","33","15086"
3506,"2019","1376","124","15","198","374","77","531","155","77","135","0","37","12937"
3506,"2020","1181","98","11","214","333","51","432","178","52","108","0","29","10194"
3506,"2021","1007","93","7","194","271","55","344","153","72","90","0","1","10597"
3506,"2022","1118","108","4","172","292","68","419","141","69","109","0","0","11575"
3506,"2023","627","56","12","95","162","66","270","67","12","37","0","0","9280"
3507,"2012","0","0","0","0","0","0","0","0","0","0","0","0","1"
3507,"2013","4","1","0","2","1","1","2","1","0","0","0","0","2915"
3507,"2014","20","2","0","2","6","6","9","0","0","0","0","0","7662"
3507,"2015","173","14","0","33","42","42","40","16","12","7","0","0","12291"
3507,"2016","1215","79","3","341","335","93","364","190","40","75","2","6","9958"
3507,"2017","1004","87","10","219","334","15","323","166","34","77","0","43","10305"
3507,"2018","1066","75","11","207","363","43","373","157","50","105","0","12","9646"
3507,"2019","1029","87","13","202","296","44","375","135","56","115","0","11","8263"
3507,"2020","933","84","6","129","244","55","352","107","52","109","0","8","7474"
3507,"2021","875","97","9","139","200","45","280","113","49","134","0","3","10819"
3507,"2022","1238","149","10","173","297","87","413","162","62","191","0","1","10409"
3507,"2023","743","97","5","153","162","51","226","104","20","133","0","0","6847"
3508,"2012","0","0","0","0","0","0","0","0","0","0","0","0","17"
3508,"2013","12","0","0","2","4","5","1","1","0","0","0","0","8237"
3508,"2014","20","0","0","4","7","8","3","3","0","0","0","0","16838"
3508,"2015","389","38","5","57","106","66","112","31","19","23","2","0","24414"
3508,"2016","2481","238","13","441","761","146","732","244","37","266","16","10","22198"
3508,"2017","2403","253","30","431","841","65","710","294","38","295","0","44","21227"
3508,"2018","2289","228","20","464","736","91","733","321","35","257","0","36","20026"
3508,"2019","2456","268","25","430","792","116","768","246","35","372","0","29","17364"
3508,"2020","2025","188","20","451","678","56","598","280","39","300","0","26","14772"
3508,"2021","1885","214","17","429","679","85","510","250","34","176","0","3","12553"
3508,"2022","2269","210","19","549","892","81","650","330","39","229","0","1","15143"
3508,"2023","1244","128","4","292","453","46","373","147","21","122","0","1","9241"
3509,"2012","1","0","0","0","0","0","0","1","0","0","0","0","9"
3509,"2013","19","4","0","1","1","6","7","1","0","0","0","0","7174"
3509,"2014","55","5","0","12","12","13","16","3","0","2","0","0","12387"
3509,"2015","426","56","1","35","119","94","126","30","5","22","1","0","17780"
3509,"2016","2467","237","5","527","817","212","677","188","29","171","7","7","17811"
3509,"2017","2227","209","8","406","876","108","564","325","53","208","0","12","15781"
3509,"2018","2100","225","8","339","828","142","543","234","63","204","3","25","15149"
3509,"2019","2011","213","7","319","802","170","558","217","59","159","2","16","12411"
3509,"2020","1831","168","4","328","681","181","465","176","70","181","0","17","10329"
3509,"2021","1616","132","6","356","625","127","453","186","63","113","0","2","11591"
3509,"2022","1859","196","4","345","776","122","519","182","46","145","0","5","10111"
3509,"2023","995","126","3","188","366","68","310","122","13","55","1","4","5694"
3510,"2012","1","0","0","0","0","1","1","0","0","0","0","0","8"
3510,"2013","23","1","0","2","6","10","6","1","0","0","0","0","11229"
3510,"2014","61","2","0","4","22","23","20","3","0","0","0","1","18696"
3510,"2015","383","53","2","59","139","46","91","23","9","20","0","0","26850"
3510,"2016","2378","245","4","423","891","146","722","224","27","88","1","6","22389"
3510,"2017","2251","261","8","329","893","106","694","259","43","135","1","16","19360"
3510,"2018","1970","227","4","285","767","63","637","239","47","147","0","13","18692"
3510,"2019","2089","248","10","303","817","70","613","244","47","138","0","15","17177"
3510,"2020","1687","167","6","291","716","49","494","229","33","100","0","9","13016"
3510,"2021","1633","179","4","289","605","79","527","200","46","89","0","2","13175"
3510,"2022","1829","166","6","300","731","93","615","214","46","102","0","2","14515"
3510,"2023","892","97","1","96","350","78","261","78","36","64","0","0","8939"
3601,"2012","1","0","0","0","0","0","1","0","0","1","0","1","0"
3601,"2013","4","0","0","1","0","1","3","1","0","0","0","0","2861"
3601,"2014","14","0","0","1","1","9","4","1","0","1","0","0","6917"
3601,"2015","170","29","1","29","46","19","57","26","3","15","0","4","12238"
3601,"2016","962","139","9","174","234","77","392","147","44","112","6","72","13564"
3601,"2017","770","97","2","109","213","17","264","135","35","109","0","17","11542"
3601,"2018","778","86","3","129","213","22","268","129","43","119","0","9","12149"
3601,"2019","888","101","4","183","217","33","279","153","38","119","0","67","11785"
3601,"2020","749","87","3","158","173","32","232","108","42","137","0","13","11056"
3601,"2021","662","83","6","131","148","28","189","126","30","113","0","0","11486"
3601,"2022","749","80","5","120","199","71","248","100","38","124","0","0","13296"
3601,"2023","456","52","1","63","121","49","147","59","9","61","0","0","9341"
3602,"2012","1","0","0","0","0","1","0","0","0","0","0","0","31"
3602,"2013","6","0","0","3","3","2","0","0","0","0","0","0","5003"
3602,"2014","45","0","0","9","8","20","16","2","0","0","0","0","12289"
3602,"2015","308","28","0","35","66","49","128","15","23","13","0","1","18183"
3602,"2016","1584","120","5","249","534","118","469","106","82","124","0","3","15105"
3602,"2017","1569","116","10","284","620","38","517","213","66","146","0","38","14137"
3602,"2018","1464","134","13","212","498","82","505","156","67","159","0","26","17127"
3602,"2019","1714","159","5","213","545","98","649","187","72","179","1","48","18924"
3602,"2020","1299","131","4","158","402","90","443","137","67","141","0","46","14694"
3602,"2021","1237","124","8","213","384","91","348","176","69","121","0","8","17279"
3602,"2022","1487","110","6","202","403","177","584","188","79","146","0","4","21426"
3602,"2023","852","65","2","131","272","104","335","112","25","58","0","2","12668"
3603,"2012","1","0","0","0","0","1","0","0","0","0","0","0","0"
3603,"2013","2","0","0","0","0","2","0","0","0","0","0","0","4571"
3603,"2014","5","0","0","2","0","2","2","0","0","0","0","0","7804"
3603,"2015","95","20","0","11","18","13","16","13","13","7","0","0","8310"
3603,"2016","790","77","5","147","205","51","209","116","46","130","1","4","9540"
3603,"2017","655","73","6","152","231","9","174","121","27","79","0","12","8105"
3603,"2018","658","60","12","124","162","31","209","109","44","103","0","15","9035"
3603,"2019","675","75","0","109","203","41","237","84","26","102","0","2","10039"
3603,"2020","563","54","4","89","140","53","173","56","37","79","0","13","8779"
3603,"2021","575","60","1","122","137","36","170","106","32","72","0","0","8329"
3603,"2022","719","53","5","126","185","78","222","124","35","106","0","2","9241"
3603,"2023","309","27","1","35","73","52","109","47","9","51","0","0","7090"
3604,"2013","4","0","0","0","1","2","1","1","0","0","0","0","1471"
3604,"2014","12","1","0","3","3","5","1","1","0","0","0","0","5960"
3604,"2015","135","9","0","19","27","35","44","9","6","13","0","0","10464"
3604,"2016","803","97","2","156","205","62","247","95","11","73","0","3","9200"
3604,"2017","774","87","1","156","214","47","254","127","21","72","0","13","7331"
3604,"2018","710","100","5","101","208","51","243","99","15","50","0","15","9057"
3604,"2019","663","71","3","63","163","53","251","91","17","86","0","18","9982"
3604,"2020","543","58","3","77","127","67","182","67","18","46","0","14","7181"
3604,"2021","520","64","3","63","106","62","194","69","15","59","0","1","9202"
3604,"2022","632","73","2","69","139","72","247","68","12","86","0","1","9405"
3604,"2023","327","26","2","46","74","38","114","40","26","47","0","1","5472"
3605,"2012","0","0","0","0","0","0","0","0","0","0","0","0","2"
3605,"2013","4","0","0","0","2","1","1","0","0","0","0","0","3714"
3605,"2014","21","0","0","3","1","8","12","1","0","0","0","0","8644"
3605,"2015","212","33","1","23","27","61","44","20","16","15","0","2","9939"
3605,"2016","1061","108","4","154","286","98","332","92","51","100","1","1","9759"
3605,"2017","1040","119","7","205","276","54","298","158","31","105","0","78","8597"
3605,"2018","995","117","7","148","231","129","267","125","35","108","0","31","9100"
3605,"2019","1126","150","21","182","295","109","353","147","31","100","0","34","10365"
3605,"2020","948","103","7","151","209","123","280","127","22","92","0","29","8320"
3605,"2021","741","102","4","86","149","86","245","96","28","106","0","2","9193"
3605,"2022","982","132","7","118","242","149","262","151","23","118","0","2","10778"
3605,"2023","543","73","2","62","121","83","139","76","20","61","0","2","7288"
3606,"2012","1","0","0","0","0","1","0","0","0","0","0","0","3"
3606,"2013","13","2","0","1","1","5","4","1","0","1","0","0","11991"
3606,"2014","25","2","0","2","3","14","10","1","0","0","0","0","15732"
3606,"2015","312","32","2","42","90","58","98","30","10","16","0","2","17980"
3606,"2016","1774","138","12","282","724","134","554","177","81","154","0","32","18990"
3606,"2017","1775","139","12","384","668","18","569","271","68","163","0","33","14804"
3606,"2018","1755","109","19","291","740","75","534","232","80","138","0","33","15200"
3606,"2019","1788","120","7","212","704","103","573","199","100","173","0","47","14391"
3606,"2020","1498","95","3","225","530","87","444","200","92","178","0","36","13146"
3606,"2021","1471","119","6","266","529","69","433","260","86","156","0","3","13417"
3606,"2022","1578","129","10","254","506","130","483","237","93","203","0","2","17371"
3606,"2023","772","78","5","109","245","68","237","85","44","87","0","2","10039"
3607,"2012","0","0","0","0","0","0","0","0","0","0","0","0","1"
3607,"2013","3","0","0","0","0","3","0","0","0","0","0","0","2798"
3607,"2014","13","1","0","4","3","4","5","3","0","0","0","0","4501"
3607,"2015","102","15","1","13","31","13","38","3","7","5","1","0","5656"
3607,"2016","661","69","3","103","174","44","217","62","57","78","0","4","6505"
3607,"2017","602","61","3","99","181","7","198","72","31","109","0","4","6676"
3607,"2018","518","47","1","58","117","38","168","49","37","99","0","9","7027"
3607,"2019","563","64","4","69","153","37","174","59","38","110","0","6","7738"
3607,"2020","480","38","2","63","129","39","157","66","33","71","0","6","5396"
3607,"2021","400","40","1","48","108","34","112","50","27","86","0","0","6401"
3607,"2022","520","43","3","63","126","96","150","74","29","89","0","0","6987"
3607,"2023","238","16","2","22","50","57","96","10","20","26","0","0","4281"
3608,"2012","1","0","0","0","1","0","1","0","0","0","0","0","3"
3608,"2013","2","0","0","0","1","0","0","0","1","0","0","0","1698"
3608,"2014","11","0","0","3","2","3","4","2","1","0","0","0","4145"
3608,"2015","117","15","4","14","25","28","39","14","5","8","0","0","6331"
3608,"2016","664","71","6","144","188","42","188","113","47","94","0","1","6020"
3608,"2017","585","68","5","116","181","6","200","116","51","72","0","8","5999"
3608,"2018","601","72","9","125","153","22","170","106","54","75","0","9","5847"
3608,"2019","594","68","7","89","135","43","186","84","67","88","0","11","5539"
3608,"2020","502","67","6","54","107","39","126","60","61","91","0","7","5168"
3608,"2021","431","47","2","71","92","38","132","63","48","65","0","1","4609"
3608,"2022","532","65","4","74","133","42","173","54","40","84","0","0","5149"
3608,"2023","267","22","1","49","68","13","77","38","25","44","0","0","3946"
3609,"2012","0","0","0","0","0","0","0","0","0","0","0","0","3"
3609,"2013","8","0","0","1","2","3","4","1","0","0","0","0","4612"
3609,"2014","17","1","0","0","6","5","5","2","0","0","0","0","8809"
3609,"2015","134","22","2","28","26","21","30","14","9","6","0","1","9347"
3609,"2016","860","105","8","163","200","71","265","106","50","117","1","1","10473"
3609,"2017","753","124","4","113","176","17","231","96","60","132","4","9","9714"
3609,"2018","686","80","1","80","177","57","194","84","69","119","1","12","10009"
3609,"2019","804","105","0","46","199","70","260","64","46","172","0","13","10073"
3609,"2020","714","96","3","59","141","57","223","70","51","183","0","0","10258"
3609,"2021","531","64","1","31","86","31","168","56","42","150","0","0","11267"
3609,"2022","664","91","4","45","145","63","170","64","65","165","0","1","12549"
3609,"2023","341","39","2","23","80","38","106","31","18","72","0","0","7774"
3610,"2012","2","0","0","0","0","2","0","0","0","0","0","0","2"
3610,"2013","5","0","0","1","0","2","3","0","0","0","0","0","4138"
3610,"2014","30","1","1","7","6","10","13","2","0","0","0","0","11324"
3610,"2015","214","22","0","22","50","35","91","12","6","9","0","0","14060"
3610,"2016","1343","112","2","264","420","71","462","169","25","110","3","1","11522"
3610,"2017","1227","129","10","214","456","17","381","189","29","100","0","17","9813"
3610,"2018","1106","128","9","183","349","38","391","168","24","109","0","19","11856"
3610,"2019","1174","121","12","136","364","76","402","140","27","154","0","22","12601"
3610,"2020","949","96","3","108","314","72","281","133","23","115","0","27","10419"
3610,"2021","796","103","6","111","216","63","270","133","17","108","0","3","11629"
3610,"2022","1159","89","4","190","362","99","398","200","26","122","0","2","12813"
3610,"2023","706","48","3","109","273","49","214","90","33","49","0","0","8779"
3611,"2012","0","0","0","0","0","0","0","0","0","0","0","0","1"
3611,"2013","5","0","0","2","0","3","0","0","0","0","0","0","4786"
3611,"2014","20","1","0","4","4","4","5","2","1","2","0","0","7419"
3611,"2015","177","24","2","19","48","23","53","11","12","12","0","0","11446"
3611,"2016","1035","91","6","224","271","55","320","121","103","116","0","36","13319"
3611,"2017","903","77","5","127","260","7","307","129","103","108","0","22","12114"
3611,"2018","777","80","10","95","181","42","232","81","84","113","0","23","10941"
3611,"2019","974","94","6","126","248","81","312","131","97","96","1","32","9722"
3611,"2020","786","73","9","87","189","38","257","78","80","102","0","19","8791"
3611,"2021","676","78","1","62","148","32","196","83","88","113","0","0","10294"
3611,"2022","767","80","3","87","145","101","245","79","81","120","0","2","11662"
3611,"2023","459","37","2","47","101","60","155","43","55","63","0","2","6809"
3701,"2012","0","0","0","0","0","0","0","0","0","0","0","0","8"
3701,"2013","2","0","0","0","0","1","1","0","0","0","0","0","5231"
3701,"2014","13","1","0","2","3","2","8","2","0","0","0","0","7300"
3701,"2015","163","17","0","33","36","32","58","17","7","11","0","4","7310"
3701,"2016","1038","116","1","188","225","67","378","133","44","173","1","77","8098"
3701,"2017","839","97","0","115","193","25","335","104","37","135","0","75","8327"
3701,"2018","892","117","2","117","170","47","342","100","41","154","0","81","7628"
3701,"2019","815","83","3","115","198","64","282","89","30","113","0","54","7489"
3701,"2020","723","101","0","119","152","32","258","98","28","102","0","50","6854"
3701,"2021","604","84","4","98","134","58","142","95","30","93","0","0","6714"
3701,"2022","720","81","8","117","136","106","250","73","40","116","0","0","6798"
3701,"2023","389","47","2","43","75","55","131","45","23","56","0","0","3922"
3702,"2012","0","0","0","0","0","0","0","0","0","0","0","0","15"
3702,"2013","29","0","0","4","3","11","13","5","0","0","0","0","13702"
3702,"2014","135","4","0","6","10","93","31","3","0","3","0","0","35433"
3702,"2015","1395","143","17","177","440","228","535","128","34","81","1","23","54105"
3702,"2016","9632","560","39","1543","4610","474","3835","856","171","740","3","426","50551"
3702,"2017","8715","547","30","1672","3815","137","3525","997","123","614","1","436","48000"
3702,"2018","8520","600","23","1629","3919","278","3483","841","58","457","0","338","48373"
3702,"2019","8391","604","22","1492","3633","361","3338","848","50","551","1","375","48239"
3702,"2020","7390","489","20","1592","3016","335","2779","887","44","580","0","317","37810"
3702,"2021","6307","456","15","1589","2653","279","2139","802","43","444","1","12","35618"
3702,"2022","7340","459","21","1738","3252","364","2705","878","69","441","0","9","40757"
3702,"2023","3881","320","8","710","1719","167","1414","389","60","241","0","2","25208"
3703,"2012","1","0","0","0","0","0","1","0","0","0","0","0","13"
3703,"2013","11","1","0","3","1","6","2","1","0","1","0","0","5989"
3703,"2014","30","1","0","5","7","12","7","5","1","3","0","0","19127"
3703,"2015","368","45","4","86","75","35","125","63","20","30","0","5","24493"
3703,"2016","2160","160","24","437","715","90","807","326","71","271","0","65","20840"
3703,"2017","2162","134","18","513","797","32","774","380","59","209","0","88","21005"
3703,"2018","2121","165","20","493","693","77","860","332","50","164","0","64","21092"
3703,"2019","2069","123","20","500","693","108","742","327","76","192","0","55","22725"
3703,"2020","1811","138","15","442","535","91","619","293","69","250","0","34","18211"
3703,"2021","1653","152","13","353","404","75","461","221","89","345","0","0","18036"
3703,"2022","1846","128","10","448","502","94","548","260","106","324","0","1","20578"
3703,"2023","952","73","4","274","261","41","301","124","35","130","0","1","14473"
3704,"2012","2","0","0","1","1","1","1","0","0","0","0","0","10"
3704,"2013","7","1","0","0","0","3","3","0","0","0","0","0","4369"
3704,"2014","25","3","0","1","4","13","8","1","0","2","0","0","15268"
3704,"2015","236","36","1","33","41","28","78","26","12","39","1","6","17368"
3704,"2016","1289","95","3","250","441","66","446","150","53","215","2","47","17893"
3704,"2017","1230","107","6","173","420","60","421","126","51","208","0","29","15755"
3704,"2018","1134","109","5","212","373","56","356","130","62","167","0","28","14220"
3704,"2019","1093","114","4","162","339","88","316","123","61","183","0","27","14406"
3704,"2020","951","82","5","164","261","70","272","125","69","186","0","17","12438"
3704,"2021","730","91","4","97","204","39","227","73","52","129","0","3","10547"
3704,"2022","1042","117","2","174","287","102","354","98","50","161","0","0","12475"
3704,"2023","527","51","3","86","135","43","185","49","27","71","0","0","8353"
3705,"2012","1","0","0","0","0","0","1","0","0","0","0","0","13"
3705,"2013","16","0","0","1","1","9","6","0","0","0","0","0","10001"
3705,"2014","39","2","0","1","5","17","18","1","0","2","0","2","14162"
3705,"2015","349","39","4","63","74","47","116","44","23","44","0","0","21495"
3705,"2016","2024","157","15","271","580","162","594","176","114","450","11","40","18842"
3705,"2017","1697","187","15","213","415","53","489","150","143","401","18","58","19125"
3705,"2018","1673","159","11","200","456","110","424","153","129","374","13","52","21283"
3705,"2019","1482","160","8","175","372","77","425","110","116","338","17","27","19840"
3705,"2020","1312","107","4","159","325","68","331","127","108","359","17","22","18120"
3705,"2021","1256","123","7","136","284","80","313","120","107","363","5","2","19211"
3705,"2022","1407","126","6","166","349","136","367","144","137","316","0","2","19837"
3705,"2023","915","81","3","130","263","111","292","92","49","135","0","3","12581"
3706,"2012","0","0","0","0","0","0","0","0","0","0","0","0","5"
3706,"2013","5","0","1","2","0","2","1","0","0","0","0","0","5431"
3706,"2014","21","2","1","0","1","11","8","2","0","0","0","0","10109"
3706,"2015","229","41","0","28","43","41","56","20","18","29","0","4","12079"
3706,"2016","1532","171","6","339","496","90","463","232","56","210","1","39","11170"
3706,"2017","1185","194","2","174","343","15","347","204","58","180","0","17","12148"
3706,"2018","1197","173","7","235","337","51","312","203","38","161","0","31","13906"
3706,"2019","1206","180","4","221","301","91","355","205","36","140","0","32","13309"
3706,"2020","1151","187","7","199","294","72","349","187","34","136","0","32","10084"
3706,"2021","903","167","7","134","238","62","264","136","31","101","0","0","7739"
3706,"2022","1173","181","6","195","297","122","357","178","36","140","0","1","7796"
3706,"2023","614","88","5","81","168","60","203","72","33","78","0","0","5086"
3707,"2012","1","0","0","0","0","1","0","0","0","0","0","0","4"
3707,"2013","1","0","0","0","0","0","0","0","0","1","0","0","4313"
3707,"2014","18","0","0","0","2","8","10","1","0","1","0","0","11396"
3707,"2015","203","24","1","24","50","46","71","19","9","14","0","6","19107"
3707,"2016","1253","116","6","185","434","111","495","137","26","110","2","50","19265"
3707,"2017","1022","163","6","121","295","17","369","101","36","105","0","60","18279"
3707,"2018","1124","165","6","129","310","55","402","113","37","117","0","91","19665"
3707,"2019","1163","156","4","152","356","63","404","106","23","123","0","74","23170"
3707,"2020","1018","141","4","123","287","47","284","85","31","157","0","50","22572"
3707,"2021","789","136","2","100","199","43","258","82","26","127","0","2","22476"
3707,"2022","1038","191","0","177","328","60","306","123","24","118","0","5","25497"
3707,"2023","585","90","1","77","177","44","212","58","3","45","0","2","16884"
3708,"2012","1","0","0","0","1","0","1","0","0","0","0","0","5"
3708,"2013","5","0","0","0","1","3","2","1","0","0","0","0","5507"
3708,"2014","21","1","0","0","1","11","6","0","1","1","0","0","8676"
3708,"2015","214","26","0","26","48","35","65","20","17","21","0","0","11226"
3708,"2016","1065","109","9","210","265","75","325","124","58","154","1","36","10254"
3708,"2017","996","116","7","163","239","21","312","156","50","162","0","37","10985"
3708,"2018","912","149","4","101","190","47","287","106","41","142","2","22","11693"
3708,"2019","929","160","7","87","186","62","307","108","41","130","3","33","12978"
3708,"2020","934","124","4","136","227","56","246","92","67","171","2","19","10295"
3708,"2021","827","174","5","77","158","41","235","88","57","156","0","2","11845"
3708,"2022","849","120","6","79","191","69","264","83","54","182","0","3","14146"
3708,"2023","469","68","0","35","90","60","185","36","23","78","0","1","9641"
3709,"2012","0","0","0","0","0","0","0","0","0","0","0","0","2"
3709,"2013","6","0","0","2","0","1","2","1","1","1","0","0","2920"
3709,"2014","8","0","0","3","1","4","2","1","0","0","0","0","8120"
3709,"2015","241","17","1","54","51","54","80","31","16","8","3","1","11733"
3709,"2016","1301","94","9","301","410","103","414","179","52","147","2","5","13567"
3709,"2017","1296","99","11","300","407","60","467","216","40","116","0","13","14315"
3709,"2018","1125","84","11","173","283","90","414","125","48","137","0","26","14648"
3709,"2019","1248","116","11","167","384","117","411","124","29","142","0","53","13715"
3709,"2020","1263","101","16","214","384","96","411","121","32","163","0","32","13223"
3709,"2021","1084","76","4","153","271","88","379","109","32","221","0","0","13685"
3709,"2022","1033","105","5","116","262","84","344","116","37","191","0","6","18389"
3709,"2023","669","72","5","112","157","79","256","70","17","78","0","2","13414"
3710,"2012","0","0","0","0","0","0","0","0","0","0","0","0","3"
3710,"2013","9","0","0","0","0","5","4","0","0","0","0","0","5415"
3710,"2014","14","0","0","1","3","6","6","0","0","0","0","0","10055"
3710,"2015","211","40","0","21","47","51","64","22","7","14","0","4","11808"
3710,"2016","953","165","2","117","218","79","281","100","35","165","0","34","12089"
3710,"2017","774","152","7","81","134","19","223","92","26","134","0","32","9656"
3710,"2018","777","138","2","98","139","57","216","108","23","119","0","29","10961"
3710,"2019","749","112","1","73","148","39","212","64","30","117","0","88","13582"
3710,"2020","606","96","1","43","113","45","168","70","39","119","0","18","14422"
3710,"2021","555","86","2","47","111","32","155","61","36","106","0","1","13231"
3710,"2022","707","101","3","86","143","85","231","59","35","131","0","3","12661"
3710,"2023","397","56","1","25","67","42","157","31","28","67","0","6","8124"
3711,"2012","0","0","0","0","0","0","0","0","0","0","0","0","9"
3711,"2013","13","1","0","1","2","9","2","1","0","0","0","0","7085"
3711,"2014","24","1","0","2","6","9","8","1","0","2","0","2","10007"
3711,"2015","236","18","1","35","50","42","58","29","29","33","2","1","12856"
3711,"2016","1216","120","4","217","379","60","392","108","85","178","0","28","12522"
3711,"2017","1190","117","7","213","346","13","358","148","76","208","1","55","12283"
3711,"2018","964","130","5","109","225","31","229","70","94","258","0","33","16375"
3711,"2019","886","124","7","93","208","37","193","77","68","233","0","32","17891"
3711,"2020","867","125","2","95","171","32","192","75","61","266","0","49","14111"
3711,"2021","669","94","5","62","97","34","146","70","84","222","0","1","12869"
3711,"2022","932","132","6","81","188","90","257","78","74","246","0","1","13262"
3711,"2023","484","59","3","51","78","60","154","32","26","123","0","1","8668"
3712,"2012","2","0","1","1","0","0","1","1","1","0","0","0","6"
3712,"2013","12","1","1","2","0","9","0","0","0","0","0","0","4081"
3712,"2014","14","0","1","2","4","5","3","1","0","1","0","0","9333"
3712,"2015","150","24","2","24","27","14","51","14","17","14","0","2","12170"
3712,"2016","809","88","12","138","192","58","267","98","68","147","0","22","10170"
3712,"2017","664","73","1","121","212","9","220","83","34","100","0","12","10978"
3712,"2018","587","87","4","106","114","38","188","77","34","86","0","14","9644"
3712,"2019","644","70","5","91","149","63","197","62","27","123","0","14","9536"
3712,"2020","579","67","6","99","160","34","157","49","35","103","0","10","8050"
3712,"2021","549","87","2","75","133","32","161","43","41","112","0","1","7333"
3712,"2022","562","60","1","64","135","60","213","56","42","97","0","0","8156"
3712,"2023","301","38","2","26","53","29","135","28","20","42","0","2","6219"
3713,"2012","0","0","0","0","0","0","0","0","0","0","0","0","8"
3713,"2013","2","0","0","0","0","0","0","0","0","2","0","0","4222"
3713,"2014","28","0","0","2","2","11","8","1","2","5","0","0","10144"
3713,"2015","343","56","0","43","45","82","89","38","24","30","0","8","13935"
3713,"2016","1575","217","5","250","461","121","536","183","64","163","2","52","13776"
3713,"2017","1478","222","5","269","410","32","499","183","69","137","0","115","13665"
3713,"2018","1319","213","6","209","365","93","386","140","77","153","0","56","13425"
3713,"2019","1334","165","9","243","383","88","430","137","56","176","1","43","12669"
3713,"2020","1031","133","4","155","282","53","350","122","35","148","0","32","10617"
3713,"2021","960","151","9","136","244","68","312","130","49","129","0","1","8402"
3713,"2022","1187","180","3","169","279","94","452","148","63","135","0","0","9666"
3713,"2023","709","89","2","119","183","76","274","87","20","54","0","0","5560"
3714,"2012","0","0","0","0","0","0","0","0","0","0","0","0","1"
3714,"2013","3","0","0","0","0","2","1","0","0","0","0","0","3620"
3714,"2014","14","0","0","6","7","1","7","4","0","0","0","0","8205"
3714,"2015","112","8","2","8","14","19","49","19","14","8","0","4","14566"
3714,"2016","848","99","7","130","276","50","322","93","40","115","0","26","13965"
3714,"2017","732","90","1","120","188","18","293","108","51","93","0","45","12024"
3714,"2018","750","87","5","99","215","32","241","93","28","137","0","32","14023"
3714,"2019","790","74","0","103","186","43","298","92","24","151","0","40","17015"
3714,"2020","657","73","3","77","145","45","223","65","20","148","0","24","15962"
3714,"2021","554","57","0","57","158","32","168","75","19","129","0","0","15579"
3714,"2022","624","73","1","67","145","62","213","49","24","146","0","1","16367"
3714,"2023","406","50","2","37","84","47","132","31","16","79","0","1","10234"
3801,"2012","0","0","0","0","0","0","0","0","0","0","0","0","2"
3801,"2013","3","1","0","0","0","2","0","0","0","0","0","0","2661"
3801,"2014","21","0","0","3","2","5","12","2","0","0","0","2","6328"
3801,"2015","236","51","3","25","35","51","80","18","14","14","4","0","11822"
3801,"2016","1291","209","5","182","255","128","396","127","38","187","12","2","11816"
3801,"2017","1105","216","4","133","265","33","307","146","52","189","8","4","11549"
3801,"2018","1152","163","11","131","239","91","357","142","60","188","11","7","12021"
3801,"2019","1219","209","2","135","276","86","386","137","55","207","3","21","11940"
3801,"2020","1098","162","13","153","233","78","296","149","62","223","1","9","10324"
3801,"2021","1006","179","10","113","159","79","252","109","54","239","1","4","8877"
3801,"2022","1213","182","4","151","270","120","356","132","46","217","0","2","10135"
3801,"2023","563","79","4","71","122","77","169","60","20","87","0","1","7325"
3802,"2012","0","0","0","0","0","0","0","0","0","0","0","0","7"
3802,"2013","45","0","0","6","2","36","3","1","0","0","0","0","4779"
3802,"2014","44","1","2","12","9","16","12","6","2","2","1","0","10607"
3802,"2015","371","56","1","60","105","23","117","42","28","25","1","0","17703"
3802,"2016","2592","193","11","483","915","54","891","250","131","344","7","6","18638"
3802,"2017","2100","168","14","397","687","30","708","322","115","280","0","27","16213"
3802,"2018","2282","186","27","350","753","106","729","276","141","329","1","46","19189"
3802,"2019","2419","185","16","403","767","123","853","302","106","347","1","46","20744"
3802,"2020","2115","166","8","388","757","130","664","335","126","228","1","19","17362"
3802,"2021","1682","159","16","303","480","127","519","275","113","234","1","0","19469"
3802,"2022","2128","172","5","410","657","168","706","285","122","265","0","0","22435"
3802,"2023","1256","103","5","272","374","119","408","185","64","118","0","1","17153"
3803,"2012","0","0","0","0","0","0","0","0","0","0","0","0","18"
3803,"2013","18","2","0","7","8","1","1","6","1","3","0","0","15174"
3803,"2014","43","1","0","15","7","12","18","5","1","2","0","0","19347"
3803,"2015","504","101","6","107","111","73","151","59","17","25","1","1","23952"
3803,"2016","4401","514","36","1024","1502","265","1305","611","124","264","25","63","24203"
3803,"2017","4344","509","34","1212","1534","80","1229","777","119","243","0","104","24981"
3803,"2018","4077","475","36","985","1466","99","1171","625","126","249","1","103","24377"
3803,"2019","3969","426","39","925","1544","139","1204","577","114","308","3","75","27286"
3803,"2020","3776","383","26","934","1500","106","1125","603","112","325","3","61","23997"
3803,"2021","3142","313","12","840","1222","132","821","548","110","212","2","2","24301"
3803,"2022","3615","346","19","1131","1484","135","952","598","99","213","0","3","27814"
3803,"2023","2032","182","9","629","847","90","502","312","49","122","2","0","20593"
3804,"2012","0","0","0","0","0","0","0","0","0","0","0","0","5"
3804,"2013","7","1","0","2","2","1","2","2","0","0","0","0","4386"
3804,"2014","29","2","0","4","2","13","8","2","1","4","0","0","7600"
3804,"2015","294","39","1","42","40","42","106","24","26","46","1","0","17770"
3804,"2016","2046","259","6","352","549","138","612","214","95","314","11","3","17040"
3804,"2017","1703","271","5","252","478","29","508","195","107","285","2","5","16901"
3804,"2018","1806","245","9","261","499","113","533","196","95","281","2","5","17080"
3804,"2019","1908","230","15","319","607","122","484","272","97","317","2","27","21164"
3804,"2020","1500","163","5","254","386","97","451","227","65","253","0","19","18904"
3804,"2021","1512","179","4","246","360","102","525","211","64","224","0","3","16647"
3804,"2022","1679","184","8","243","429","127","608","193","70","222","0","4","17806"
3804,"2023","990","97","1","131","251","90","394","118","27","105","0","1","13760"
3805,"2012","1","0","0","1","0","1","0","0","0","0","0","0","10"
3805,"2013","24","1","0","5","0","9","16","3","0","0","0","0","6633"
3805,"2014","53","1","0","11","8","19","25","9","0","2","0","0","17966"
3805,"2015","579","77","4","107","122","94","202","66","61","33","13","10","31828"
3805,"2016","4143","234","36","828","1508","251","1486","458","220","397","16","100","33301"
3805,"2017","3352","242","24","517","1206","66","1296","333","243","342","1","114","30348"
3805,"2018","2892","231","22","348","925","163","1127","235","202","319","0","111","31491"
3805,"2019","3319","268","42","387","1145","176","1295","245","233","337","0","158","26944"
3805,"2020","2473","179","26","383","706","126","858","232","151","392","0","13","22290"
3805,"2021","2234","215","14","317","604","131","741","245","147","339","0","4","23643"
3805,"2022","2779","232","34","429","977","147","950","284","122","305","0","6","31471"
3805,"2023","1561","121","21","232","484","71","566","143","68","193","0","1","19633"
3806,"2012","0","0","0","0","0","0","0","0","0","0","0","0","8"
3806,"2013","9","0","0","0","0","6","3","0","0","0","0","0","3765"
3806,"2014","22","0","0","3","2","11","5","5","0","1","0","0","6916"
3806,"2015","185","26","1","22","29","38","56","18","7","27","1","1","15708"
3806,"2016","1861","276","3","319","569","110","529","203","62","232","7","8","17588"
3806,"2017","1463","246","4","213","426","20","447","171","57","204","2","36","17708"
3806,"2018","1787","232","5","277","510","100","499","208","80","258","2","46","18700"
3806,"2019","1873","225","20","290","562","138","567","237","73","257","0","63","19597"
3806,"2020","1415","155","6","240","433","90","369","188","79","190","0","30","17259"
3806,"2021","1219","174","1","169","358","88","303","154","96","169","0","1","17580"
3806,"2022","1472","153","3","205","459","159","445","178","80","200","0","1","17415"
3806,"2023","882","86","2","151","223","117","304","105","44","103","1","2","12598"
3807,"2012","1","0","0","0","0","1","0","0","0","0","0","0","30"
3807,"2013","45","5","0","4","11","16","16","0","0","0","0","0","10123"
3807,"2014","139","3","0","23","31","57","52","11","1","8","1","1","18646"
3807,"2015","1244","171","7","183","357","207","396","101","59","63","9","16","29507"
3807,"2016","9988","734","31","1573","4554","521","3620","804","323","495","26","222","32344"
3807,"2017","9385","730","42","1446","4844","139","3681","706","309","477","7","189","31647"
3807,"2018","8520","722","46","1322","4150","224","3224","661","266","460","1","213","37975"
3807,"2019","8716","657","59","1309","4063","343","3467","818","241","424","2","471","39426"
3807,"2020","6512","514","37","1083","2896","192","2457","575","213","419","0","141","34967"
3807,"2021","6138","514","27","1183","2833","222","1942","701","231","376","3","9","36528"
3807,"2022","7540","642","40","1547","3484","366","2536","718","245","320","1","8","37550"
3807,"2023","4074","308","15","778","1971","205","1420","380","101","119","0","5","27894"
3808,"2012","0","0","0","0","0","0","0","0","0","0","0","0","3"
3808,"2013","9","1","0","0","2","6","0","1","0","0","1","0","2956"
3808,"2014","25","1","1","0","6","9","10","1","0","0","0","1","7884"
3808,"2015","297","63","2","36","58","53","77","34","22","22","8","2","14450"
3808,"2016","1615","205","9","238","541","124","455","151","90","178","5","34","13753"
3808,"2017","1479","213","13","243","455","42","381","143","111","188","0","43","12628"
3808,"2018","1242","214","9","162","298","45","393","114","99","159","1","47","12805"
3808,"2019","1337","225","3","158","368","70","372","162","95","188","0","31","13631"
3808,"2020","1217","201","4","138","356","51","317","127","59","214","0","25","11824"
3808,"2021","1165","160","6","156","310","41","296","134","48","242","0","3","14895"
3808,"2022","1238","159","11","159","294","55","336","119","57","259","0","4","20285"
3808,"2023","714","116","3","89","176","47","207","48","48","95","0","0","12699"
3809,"2012","0","0","0","0","0","0","0","0","0","0","0","0","10"
3809,"2013","6","0","0","2","0","4","0","2","0","0","0","0","3686"
3809,"2014","21","2","0","1","5","8","11","0","0","0","0","1","9096"
3809,"2015","222","37","4","21","31","45","48","25","27","18","1","3","15860"
3809,"2016","1341","200","11","163","369","93","439","152","85","153","12","22","16188"
3809,"2017","1085","193","13","149","254","48","310","121","83","142","0","32","14336"
3809,"2018","1173","204","4","155","307","127","321","143","85","140","2","23","14111"
3809,"2019","1271","200","13","122","306","99","321","130","105","231","0","36","13629"
3809,"2020","1131","179","7","127","210","92","313","141","93","209","0","29","12580"
3809,"2021","1183","207","5","132","223","119","274","179","89","242","0","2","12601"
3809,"2022","1152","209","5","112","259","88","292","135","79","224","0","4","14255"
3809,"2023","598","105","4","61","141","42","146","81","43","91","0","0","9431"
3810,"2012","0","0","0","0","0","0","0","0","0","0","0","0","1"
3810,"2013","4","1","0","0","1","0","1","1","1","0","0","0","7279"
3810,"2014","9","0","0","1","3","2","4","0","0","1","0","0","10690"
3810,"2015","209","29","2","27","45","39","42","13","24","32","0","0","15025"
3810,"2016","1762","153","3","290","603","99","516","154","50","291","0","13","14329"
3810,"2017","1531","130","7","306","437","27","455","147","72","286","0","47","13460"
3810,"2018","1308","148","13","163","310","70","349","111","77","284","0","48","15975"
3810,"2019","1471","127","5","209","418","81","418","98","64","328","0","26","16515"
3810,"2020","1168","105","2","167","334","76","300","123","70","247","0","23","13124"
3810,"2021","987","112","5","115","224","72","201","101","52","312","0","1","12612"
3810,"2022","1330","135","6","210","357","106","369","154","56","273","0","8","13151"
3810,"2023","721","83","2","101","214","57","184","75","22","141","0","0","8497"
3811,"2012","0","0","0","0","0","0","0","0","0","0","0","0","7"
3811,"2013","6","2","0","0","2","0","0","1","0","1","0","0","2285"
3811,"2014","8","1","0","1","0","1","5","2","0","0","0","3","4330"
3811,"2015","90","21","1","13","16","6","29","11","3","15","0","0","4551"
3811,"2016","568","107","3","109","118","19","138","93","34","103","0","4","5023"
3811,"2017","397","72","2","32","81","4","106","53","16","99","0","11","4749"
3811,"2018","472","103","4","58","95","17","138","40","11","94","0","12","4646"
3811,"2019","480","78","7","63","102","26","120","72","19","94","0","9","4106"
3811,"2020","379","79","2","32","86","8","74","41","12","99","0","5","3960"
3811,"2021","310","79","1","28","45","10","57","31","28","86","0","0","3952"
3811,"2022","380","81","2","20","58","26","84","30","19","120","0","0","4260"
3811,"2023","255","70","0","17","27","29","68","17","11","60","0","0","3351"
9999,"2012","19","0","0","4","3","7","11","2","0","0","0","0","206"
9999,"2013","347","14","0","59","113","120","136","18","3","7","0","1","57084"
9999,"2014","690","39","3","98","141","250","293","56","3","13","0","0","103661"
9999,"2015","4633","359","21","659","1456","810","1953","303","190","199","4","15","187118"
9999,"2016","39829","1605","86","9206","19791","1386","16160","2584","445","1346","17","389","179149"
9999,"2017","36027","1650","190","6980","19443","362","15879","2869","503","1304","2","1048","183670"
9999,"2018","33982","1509","137","6252","17663","955","15028","2633","573","1335","0","1142","196837"
9999,"2019","36483","1567","132","6860","18448","1182","16385","2898","554","1657","2","1080","180341"
9999,"2020","29530","1373","119","6723","14342","878","12242","2634","524","1514","1","822","123455"
9999,"2021","25572","1317","81","6324","11831","899","9982","2703","527","1611","0","72","125755"
9999,"2022","28109","1600","123","6097","12681","1438","11451","2750","533","1673","1","84","163206"
9999,"2023","16306","803","52","3619","7648","746","6644","1306","286","876","0","62","103008"
